shipping_id	previous_id	status	iso_rec	usually_called	reason
alemannic	als	renamed	gsw	Alemannic, Swiss German, Alsatian	named for the place the variety is written, 2026
almaty-kazakh	kk	renamed	kk	Kazakh	named for the place the variety is written, 2026
addis-ababa-amharic	am	renamed	am	Amharic	full city name, 2026
amritsar-punjabi	pa	renamed	pa	Punjabi (Gurmukhi)	named for the place the variety is written, 2026
amsterdam-dutch	nl	renamed	nl	Dutch	named for the place the variety is written, 2026
homeric-greek	ancient-greek	renamed	grc	Classical Greek	named by text, 2026
anglo-norman	anglo-norman	keep	xno	Anglo-Norman	name never in question
cairo-academy-arabic	ar	renamed	arb	Modern Standard Arabic	academy seat, 2026
asuncion-guarani	gn	renamed	gn	Paraguayan Guarani	named for the place the variety is written, 2026
athenian-greek	el	renamed	el	Modern Greek	named for the place the variety is written, 2026
baku-azerbaijani	az	renamed	az	Azerbaijani	named for the place the variety is written, 2026
bangkok-thai	th	renamed	th	Thai	named for the place the variety is written, 2026
barcelona-catalan	ca	renamed	ca	Catalan	named for the place the variety is written, 2026
beijing-mandarin	zh	renamed	cmn	Mandarin, Written Chinese	named for the place the variety is written, 2026
biblical-hebrew	biblical-hebrew	keep	hbo	Classical Hebrew	name never in question
bratislava-slovak	sk	renamed	sk	Slovak	named for the place the variety is written, 2026
bucharest-romanian	ro	renamed	ro	Romanian	named for the place the variety is written, 2026
budapest-hungarian	hu	renamed	hu	Hungarian	named for the place the variety is written, 2026
cape-afrikaans	af	renamed	af	Afrikaans	named for the place the variety is written, 2026
cheboksary-chuvash	cv	renamed	cv	Chuvash	named for the place the variety is written, 2026
chennai-tamil	ta	renamed	ta	Tamil	named for the place the variety is written, 2026
cherokee	cherokee	keep	chr	Cherokee, Tsalagi	name never in question
abbasid-arabic	classical-arabic	renamed	arb	Classical Arabic	dynasty pins the era, 2026
ciceronian-latin	classical-latin	renamed	la	Golden Age Latin	named for the hand in the corpus, 2026
tenochtitlan-nahuatl	classical-nahuatl	renamed	nci	Colonial Nahuatl	place pins the era, 2026
colonial-doctrina-quechua	classical-quechua	renamed	qwc	Colonial Quechua	era plus genre, 2026
colombo-sinhala	si	renamed	si	Sinhala	named for the place the variety is written, 2026
connacht-irish	ga	renamed	ga	Irish, Gaeilge	named for the place the variety is written, 2026
copenhagen-danish	da	renamed	da	Danish	named for the place the variety is written, 2026
cornish	kw	renamed	kw	Cornish, Kernewek	named for the place the variety is written, 2026
cusco-quechua	qu	renamed	quz	Southern Quechua	named for the place the variety is written, 2026
cyrillic-shtokavian	cyrillic-shtokavian	keep	hbs	Serbo-Croatian (Cyrillic), Serbian	name never in question
delhi-hindi	hi	renamed	hi	Hindi, Khari Boli	named for the place the variety is written, 2026
diyarbakir-kurmanji	ku	renamed	kmr	Kurmanji	named for the place the variety is written, 2026
dushanbe-tajik	tg	renamed	tg	Tajik	named for the place the variety is written, 2026
madrid-spanish	es	renamed	es	Spanish, Castilian	academy seat, 2026
esperanto	eo	renamed	eo	Esperanto	named for the place the variety is written, 2026
bilbao-basque	eu	renamed	eu	Basque, Euskara Batua	academy seat, 2026
fiji-hindi	hif	renamed	hif	Fiji Hindi, Fiji Baat	named for the place the variety is written, 2026
florentine-italian	it	renamed	it	Italian	named for the place the variety is written, 2026
compostela-galician	gl	renamed	gl	Galician	cures a name collision, 2026
jorhat-assamese	as	renamed	as	Assamese	seat of the Eastern Assamese standard, 2026
gwynedd-welsh	cy	renamed	cy	Welsh	named for the place the variety is written, 2026
hamburg-german	de	renamed	de	German, Hochdeutsch	media weight outranks the academy seat, 2026
hanoi-vietnamese	vi	renamed	vi	Vietnamese	named for the place the variety is written, 2026
hawaiian	hawaiian	keep	haw	Hawaiian, Olelo Hawai'i	name never in question
tel-aviv-hebrew	he	renamed	he	Modern Israeli Hebrew	place is timeless, 2026
hebridean-gaelic	gd	renamed	gd	Scottish Gaelic	named for the place the variety is written, 2026
helsinki-finnish	fi	renamed	fi	Finnish	named for the place the variety is written, 2026
hong-kong-cantonese	zh-yue	renamed	yue	Cantonese, Yue	named for the place the variety is written, 2026
huesca-aragonese	an	renamed	an	Aragonese	named for the place the variety is written, 2026
hyderabad-sindhi	sd	renamed	sd	Sindhi	name collision accepted, 2026
ido	io	renamed	io	Ido	named for the place the variety is written, 2026
istanbul-turkish	tr	renamed	tr	Turkish	named for the place the variety is written, 2026
jakarta-indonesian	id	renamed	id	Indonesian	named for the place the variety is written, 2026
johor-malay	ms	renamed	ms	Malay	named for the place the variety is written, 2026
kandahar-pashto	ps	renamed	ps	Pashto	named for the place the variety is written, 2026
kathmandu-nepali	ne	renamed	ne	Nepali	named for the place the variety is written, 2026
kaunas-lithuanian	lt	renamed	lt	Lithuanian	named for the place the variety is written, 2026
new-testament-greek	koine-greek	renamed	grc	Hellenistic Greek	named by text, 2026
kolkata-bengali	bn	renamed	bn	Bengali	named for the place the variety is written, 2026
kyiv-ukrainian	uk	renamed	uk	Ukrainian	named for the place the variety is written, 2026
latin-shtokavian	latin-shtokavian	keep	hbs	Serbo-Croatian (Latin)	name never in question
leeuwarden-frisian	fy	renamed	fy	West Frisian	named for the place the variety is written, 2026
leon-breton	br	renamed	br	Breton	name collision accepted, 2026
ljubljana-slovene	sl	renamed	sl	Slovene	named for the place the variety is written, 2026
luxembourgish	lb	renamed	lb	Letzebuergesch	named for the place the variety is written, 2026
maastricht-limburgish	li	renamed	li	Limburgish	named for the place the variety is written, 2026
manila-tagalog	tl	renamed	tl	Tagalog, Filipino	named for the place the variety is written, 2026
medieval-latin	medieval-latin	keep	la	Church Latin	name never in question
valois-french	middle-french	renamed	frm	Middle French	dynasty pins the era, 2026
minsk-belarusian	be	renamed	be	Belarusian narkamauka	named for the place the variety is written, 2026
kottayam-malayalam	ml	renamed	ml	Malayalam	the print and prestige heart, 2026
kahnawake-mohawk	mohawk	renamed	moh	Mohawk, Kanien'keha	place from the mission imprints, 2026
moscow-russian	ru	renamed	ru	Russian	named for the place the variety is written, 2026
mysore-kannada	kn	renamed	kn	Kannada	named for the place the variety is written, 2026
naga-bikol	bcl	renamed	bcl	Central Bikol	named for the place the variety is written, 2026
vestland-norwegian	nn	renamed	nn	Nynorsk	the region that writes Nynorsk, 2026
ohrid-slavonic	old-church-slavonic	renamed	cu	Old Bulgarian, OCS	school of the norm, 2026
capetian-french	old-french	renamed	fro	Old French	dynasty pins the era, 2026
saga-norse	old-norse	renamed	non	Old Icelandic	named by text, 2026
oslo-norwegian	no	renamed	nb	Bokmal	named for the place the variety is written, 2026
oviedo-asturian	ast	renamed	ast	Asturian	named for the place the variety is written, 2026
palermo-sicilian	scn	renamed	scn	Sicilian	named for the place the variety is written, 2026
parisian-french	fr	renamed	fr	French	named for the place the variety is written, 2026
prague-czech	cs	renamed	cs	Czech	named for the place the variety is written, 2026
rio-portuguese	pt	renamed	pt	Portuguese	the wiki is majority-Brazilian, 2026
pune-marathi	mr	renamed	mr	Marathi	named for the place the variety is written, 2026
reykjavik-icelandic	is	renamed	is	Icelandic	named for the place the variety is written, 2026
riga-latvian	lv	renamed	lv	Latvian	named for the place the variety is written, 2026
uzhhorod-rusyn	rue	renamed	rue	Rusyn	Subcarpathian standard, Presov admixture kept, 2026
samogitian	bat-smg	renamed	sgs	Samogitian, Zemaitiu	named for the place the variety is written, 2026
varanasi-sanskrit	sanskrit	renamed	sa	Classical Sanskrit	seat of the grammar tradition, 2026
seoul-korean	ko	renamed	ko	Korean	named for the place the variety is written, 2026
skopje-macedonian	mk	renamed	mk	Macedonian	named for the place the variety is written, 2026
sofia-bulgarian	bg	renamed	bg	Bulgarian	named for the place the variety is written, 2026
stockholm-swedish	sv	renamed	sv	Swedish	named for the place the variety is written, 2026
sulaymaniyah-sorani	ckb	renamed	ckb	Sorani	named for the place the variety is written, 2026
surakarta-javanese	jv	renamed	jv	Javanese	named for the place the variety is written, 2026
tallinn-estonian	et	renamed	et	Estonian	named for the place the variety is written, 2026
vilnius-belarusian	be-tarask	renamed	be	Taraskievica	named where it spread from, 2026
tashkent-uzbek	uz	renamed	uz	Uzbek	named for the place the variety is written, 2026
tbilisi-georgian	ka	renamed	ka	Georgian	named for the place the variety is written, 2026
tehrani-persian	fa	renamed	fa	Persian, Farsi	named for the place the variety is written, 2026
tirana-albanian	sq	renamed	sq	Albanian (Tosk)	named for the place the variety is written, 2026
tokyo-japanese	ja	renamed	ja	Japanese	named for the place the variety is written, 2026
toulouse-occitan	oc	renamed	oc	Occitan	named for the place the variety is written, 2026
ufa-bashkir	ba	renamed	ba	Bashkir	named for the place the variety is written, 2026
ulaanbaatar-mongolian	mn	renamed	mn	Mongolian	named for the place the variety is written, 2026
valletta-maltese	mt	renamed	mt	Maltese	named for the place the variety is written, 2026
veps	vep	renamed	vep	Veps	named for the place the variety is written, 2026
vicipaedian-latin	la	renamed	la	Contemporary Latin	named for the place the variety is written, 2026
vigan-ilocano	ilo	renamed	ilo	Ilocano	named for the place the variety is written, 2026
vijayawada-telugu	te	renamed	te	Telugu	named for the place the variety is written, 2026
vilnius-yiddish	yi	renamed	yi	Yiddish (YIVO)	named for the place the variety is written, 2026
massachusett	wampanoag	renamed	wam	Massachusett, Natick	the tongue, not the people, 2026
warsaw-polish	pl	renamed	pl	Polish	named for the place the variety is written, 2026
yakutsk-sakha	sah	renamed	sah	Sakha, Yakut	named for the place the variety is written, 2026
yangon-burmese	my	renamed	my	Burmese	named for the place the variety is written, 2026
yerevan-armenian	hy	renamed	hy	Eastern Armenian	named for the place the variety is written, 2026
zanzibari-swahili	sw	renamed	sw	Swahili, Kiunguja	named for the place the variety is written, 2026
brussels-bulgarian	institutional-bulgarian	renamed	bg	EU institutional Bulgarian	the register's seat, 2026
brussels-croatian	institutional-croatian	renamed	hr	EU institutional Croatian	the register's seat, 2026
brussels-czech	institutional-czech	renamed	cs	EU institutional Czech	the register's seat, 2026
brussels-danish	institutional-danish	renamed	da	EU institutional Danish	the register's seat, 2026
brussels-dutch	institutional-dutch	renamed	nl	EU institutional Dutch	the register's seat, 2026
brussels-estonian	institutional-estonian	renamed	et	EU institutional Estonian	the register's seat, 2026
brussels-finnish	institutional-finnish	renamed	fi	EU institutional Finnish	the register's seat, 2026
brussels-french	institutional-french	renamed	fr	EU institutional French	the register's seat, 2026
brussels-german	institutional-german	renamed	de	EU institutional German	the register's seat, 2026
brussels-greek	institutional-greek	renamed	el	EU institutional Greek	the register's seat, 2026
brussels-hungarian	institutional-hungarian	renamed	hu	EU institutional Hungarian	the register's seat, 2026
brussels-irish	institutional-irish	renamed	ga	EU institutional Irish	the register's seat, 2026
brussels-italian	institutional-italian	renamed	it	EU institutional Italian	the register's seat, 2026
brussels-latvian	institutional-latvian	renamed	lv	EU institutional Latvian	the register's seat, 2026
brussels-lithuanian	institutional-lithuanian	renamed	lt	EU institutional Lithuanian	the register's seat, 2026
brussels-maltese	institutional-maltese	renamed	mt	EU institutional Maltese	the register's seat, 2026
brussels-polish	institutional-polish	renamed	pl	EU institutional Polish	the register's seat, 2026
brussels-portuguese	institutional-portuguese	renamed	pt	EU institutional Portuguese	the register's seat, 2026
brussels-romanian	institutional-romanian	renamed	ro	EU institutional Romanian	the register's seat, 2026
brussels-slovak	institutional-slovak	renamed	sk	EU institutional Slovak	the register's seat, 2026
brussels-slovene	institutional-slovene	renamed	sl	EU institutional Slovene	the register's seat, 2026
brussels-spanish	institutional-spanish	renamed	es	EU institutional Spanish	the register's seat, 2026
brussels-swedish	institutional-swedish	renamed	sv	EU institutional Swedish	the register's seat, 2026
washington-english	washington-sie	renamed	en	US legal-institutional English	confirmed, 2026
commonwealth-english	commonwealth-sie	renamed	en	UK and Commonwealth institutional English	confirmed, 2026
